A,B,C,D,E,F,G,H,I,J,K,L,M,N,O,P,Q,R,S,T,U,V,X,Y,Z,Ä,Ö
B,C,D,E,F,G,H,I,J,K,L,M,N,O,P,Q,R,S,T,U,V,X,Y,Z,Ä,Ö,A
C,D,E,F,G,H,I,J,K,L,M,N,O,P,Q,R,S,T,U,V,X,Y,Z,Ä,Ö,A,B
D,E,F,G,H,I,J,K,L,M,N,O,P,Q,R,S,T,U,V,X,Y,Z,Ä,Ö,A,B,C
E,F,G,H,I,J,K,L,M,N,O,P,Q,R,S,T,U,V,X,Y,Z,Ä,Ö,A,B,C,D
F,G,H,I,J,K,L,M,N,O,P,Q,R,S,T,U,V,X,Y,Z,Ä,Ö,A,B,C,D,E
G,H,I,J,K,L,M,N,O,P,Q,R,S,T,U,V,X,Y,Z,Ä,Ö,A,B,C,D,E,F
H,I,J,K,L,M,N,O,P,Q,R,S,T,U,V,X,Y,Z,Ä,Ö,A,B,C,D,E,F,G
I,J,K,L,M,N,O,P,Q,R,S,T,U,V,X,Y,Z,Ä,Ö,A,B,C,D,E,F,G,H
J,K,L,M,N,O,P,Q,R,S,T,U,V,X,Y,Z,Ä,Ö,A,B,C,D,E,F,G,H,I
K,L,M,N,O,P,Q,R,S,T,U,V,X,Y,Z,Ä,Ö,A,B,C,D,E,F,G,H,I,J
L,M,N,O,P,Q,R,S,T,U,V,X,Y,Z,Ä,Ö,A,B,C,D,E,F,G,H,I,J,K
M,N,O,P,Q,R,S,T,U,V,X,Y,Z,Ä,Ö,A,B,C,D,E,F,G,H,I,J,K,L
N,O,P,Q,R,S,T,U,V,X,Y,Z,Ä,Ö,A,B,C,D,E,F,G,H,I,J,K,L,M
O,P,Q,R,S,T,U,V,X,Y,Z,Ä,Ö,A,B,C,D,E,F,G,H,I,J,K,L,M,N
P,Q,R,S,T,U,V,X,Y,Z,Ä,Ö,A,B,C,D,E,F,G,H,I,J,K,L,M,N,O
Q,R,S,T,U,V,X,Y,Z,Ä,Ö,A,B,C,D,E,F,G,H,I,J,K,L,M,N,O,P
R,S,T,U,V,X,Y,Z,Ä,Ö,A,B,C,D,E,F,G,H,I,J,K,L,M,N,O,P,Q
S,T,U,V,X,Y,Z,Ä,Ö,A,B,C,D,E,F,G,H,I,J,K,L,M,N,O,P,Q,R
T,U,V,X,Y,Z,Ä,Ö,A,B,C,D,E,F,G,H,I,J,K,L,M,N,O,P,Q,R,S
U,V,X,Y,Z,Ä,Ö,A,B,C,D,E,F,G,H,I,J,K,L,M,N,O,P,Q,R,S,T
V,X,Y,Z,Ä,Ö,A,B,C,D,E,F,G,H,I,J,K,L,M,N,O,P,Q,R,S,T,U
X,Y,Z,Ä,Ö,A,B,C,D,E,F,G,H,I,J,K,L,M,N,O,P,Q,R,S,T,U,V
Y,Z,Ä,Ö,A,B,C,D,E,F,G,H,I,J,K,L,M,N,O,P,Q,R,S,T,U,V,X
Z,Ä,Ö,A,B,C,D,E,F,G,H,I,J,K,L,M,N,O,P,Q,R,S,T,U,V,X,Y
Ä,Ö,A,B,C,D,E,F,G,H,I,J,K,L,M,N,O,P,Q,R,S,T,U,V,X,Y,Z
Ö,A,B,C,D,E,F,G,H,I,J,K,L,M,N,O,P,Q,R,S,T,U,V,X,Y,Z,Ä
